{"cameraMode":{"drawMode":0,"name":"Shaded","section":"Shading Mode"},"sceneLighting":true,"audioPlay":false,"sceneViewState":{"m_AlwaysRefresh":false,"showFog":true,"showSkybox":true,"showFlares":true,"showImageEffects":true,"showParticleSystems":true,"showVisualEffectGraphs":true,"m_FxEnabled":true},"in2DMode":false,"pivot":{"x":18.652740478515626,"y":11.172685623168946,"z":227.35211181640626},"rotation":{"x":-0.0018096345011144877,"y":-0.029401693493127824,"z":0.00006653914897469804,"w":-0.9994960427284241},"size":109.00338745117188,"orthographic":false}